penalty_scale,selected,missing,pass_count,pass_at_1,fix_pass_rate,regression_pass_rate,hidden_pass_rate,submission_compliance_rate,unsafe_edit_rate,empty_patch_rate,avg_patch_lines,avg_patch_files
0.0,50,0,16,0.32,0.3265,0.8298,0.3265,0.7,0.1,0.0,10.9,1.22
0.25,50,0,16,0.32,0.3265,0.8298,0.3265,0.7,0.1,0.0,12.06,1.22
0.5,50,0,16,0.32,0.3265,0.8298,0.3265,0.7,0.1,0.0,12.06,1.22
1.0,50,0,16,0.32,0.3265,0.8298,0.3265,0.7,0.1,0.0,12.06,1.22
2.0,50,0,16,0.32,0.3265,0.8298,0.3265,0.7,0.1,0.0,11.8,1.28
3.0,50,0,16,0.32,0.3265,0.8298,0.3265,0.7,0.1,0.0,11.8,1.28
4.0,50,0,16,0.32,0.3265,0.8298,0.3265,0.7,0.1,0.0,11.8,1.28
6.0,50,0,16,0.32,0.3265,0.8298,0.3265,0.7,0.1,0.0,11.8,1.28
8.0,50,0,16,0.32,0.3265,0.8298,0.3265,0.7,0.1,0.0,11.8,1.28
